ProcessName,Timestamp,API_Call
7z2101-x64.exe,1700054829.4608884,Example_API_Call_Info
7z2101-x64.exe,1700054829.4608884,Example_API_Call_Info
7z2101-x64.exe,1700054829.4608884,Example_API_Call_Info
7z2101-x64.exe,1700054829.4608884,Example_API_Call_Info
7z2101-x64.exe,1700054830.5479147,Example_API_Call_Info
7z2101-x64.exe,1700054830.5479147,Example_API_Call_Info
7z2101-x64.exe,1700054830.5479147,Example_API_Call_Info
7z2101-x64.exe,1700054830.5479147,Example_API_Call_Info
7z2101-x64.exe,1700054830.5479147,Example_API_Call_Info
7z2101-x64.exe,1700054830.5479147,Example_API_Call_Info
